"LOCATION","INDICATOR","SUBJECT","MEASURE","FREQUENCY","TIME","Value","Flag Codes"
"AUT","QGDP","TOT","PC_CHGPP","A","1961",5.554,"E"
"AUT","QGDP","TOT","PC_CHGPP","A","1962",2.617117,"E"
"AUT","QGDP","TOT","PC_CHGPP","A","1963",4.154318,"E"
"AUT","QGDP","TOT","PC_CHGPP","A","1964",6.181948,"E"
"AUT","QGDP","TOT","PC_CHGPP","A","1965",3.437163,"E"
"AUT","QGDP","TOT","PC_CHGPP","A","1966",4.996132,"E"
"AUT","QGDP","TOT","PC_CHGPP","A","1967",2.382402,"E"
"AUT","QGDP","TOT","PC_CHGPP","A","1968",4.444143,"E"
"AUT","QGDP","TOT","PC_CHGPP","A","1969",5.851776,"E"
"AUT","QGDP","TOT","PC_CHGPP","A","1970",7.761315,"E"
"AUT","QGDP","TOT","PC_CHGPP","A","1971",5.112069,"E"
"AUT","QGDP","TOT","PC_CHGPP","A","1972",6.209405,"E"
"AUT","QGDP","TOT","PC_CHGPP","A","1973",4.886809,"E"
"AUT","QGDP","TOT","PC_CHGPP","A","1974",3.943591,"E"
"AUT","QGDP","TOT","PC_CHGPP","A","1975",-0.362596,"E"
"AUT","QGDP","TOT","PC_CHGPP","A","1976",4.576718,"E"
"AUT","QGDP","TOT","PC_CHGPP","A","1977",4.676807,"E"
"AUT","QGDP","TOT","PC_CHGPP","A","1978",-0.362357,"E"
"AUT","QGDP","TOT","PC_CHGPP","A","1979",5.45457,"E"
"AUT","QGDP","TOT","PC_CHGPP","A","1980",2.313919,"E"
"AUT","QGDP","TOT","PC_CHGPP","A","1981",-0.099385,"E"
"AUT","QGDP","TOT","PC_CHGPP","A","1982",1.907811,"E"
"AUT","QGDP","TOT","PC_CHGPP","A","1983",2.804445,"E"
"AUT","QGDP","TOT","PC_CHGPP","A","1984",0.331588,"E"
"AUT","QGDP","TOT","PC_CHGPP","A","1985",2.243365,"E"
"AUT","QGDP","TOT","PC_CHGPP","A","1986",2.340519,"E"
"AUT","QGDP","TOT","PC_CHGPP","A","1987",1.680468,"E"
"AUT","QGDP","TOT","PC_CHGPP","A","1988",3.166391,"E"
"AUT","QGDP","TOT","PC_CHGPP","A","1989",3.887072,"E"
"AUT","QGDP","TOT","PC_CHGPP","A","1990",4.345638,"E"
"AUT","QGDP","TOT","PC_CHGPP","A","1991",3.441636,"E"
"AUT","QGDP","TOT","PC_CHGPP","A","1992",2.093529,"E"
"AUT","QGDP","TOT","PC_CHGPP","A","1993",0.526807,"E"
"AUT","QGDP","TOT","PC_CHGPP","A","1994",2.402122,"E"
"AUT","QGDP","TOT","PC_CHGPP","A","1995",2.667984,"E"
"AUT","QGDP","TOT","PC_CHGPP","A","1996",2.466644,
"AUT","QGDP","TOT","PC_CHGPP","A","1997",2.093598,
"AUT","QGDP","TOT","PC_CHGPP","A","1998",3.581419,
"AUT","QGDP","TOT","PC_CHGPP","A","1999",3.556336,
"AUT","QGDP","TOT","PC_CHGPP","A","2000",3.375722,
"AUT","QGDP","TOT","PC_CHGPP","A","2001",1.267172,
"AUT","QGDP","TOT","PC_CHGPP","A","2002",1.651554,
"AUT","QGDP","TOT","PC_CHGPP","A","2003",0.941472,
"AUT","QGDP","TOT","PC_CHGPP","A","2004",2.735123,
"AUT","QGDP","TOT","PC_CHGPP","A","2005",2.244069,
"AUT","QGDP","TOT","PC_CHGPP","A","2006",3.454039,
"AUT","QGDP","TOT","PC_CHGPP","A","2007",3.727419,
"AUT","QGDP","TOT","PC_CHGPP","A","2008",1.460426,
"AUT","QGDP","TOT","PC_CHGPP","A","2009",-3.76458,
"AUT","QGDP","TOT","PC_CHGPP","A","2010",1.837096,
"AUT","QGDP","TOT","PC_CHGPP","A","2011",2.922796,
"AUT","QGDP","TOT","PC_CHGPP","A","2012",0.680442,
"AUT","QGDP","TOT","PC_CHGPP","A","2013",0.025505,
"AUT","QGDP","TOT","PC_CHGPP","A","2014",0.661271,
"AUT","QGDP","TOT","PC_CHGPP","A","2015",1.142978,
"AUT","QGDP","TOT","PC_CHGPP","A","2016",2.039575,
"AUT","QGDP","TOT","PC_CHGPP","A","2017",2.550882,
"AUT","QGDP","TOT","PC_CHGPP","A","2018",2.733286,
"AUT","QGDP","TOT","PC_CHGPY","Q","1961-Q1",8.008101,"E"
"AUT","QGDP","TOT","PC_CHGPY","Q","1961-Q2",5.169873,"E"
"AUT","QGDP","TOT","PC_CHGPY","Q","1961-Q3",5.171298,"E"
"AUT","QGDP","TOT","PC_CHGPY","Q","1961-Q4",3.969749,"E"
"AUT","QGDP","TOT","PC_CHGPY","Q","1962-Q1",2.612017,"E"
"AUT","QGDP","TOT","PC_CHGPY","Q","1962-Q2",2.949917,"E"
"AUT","QGDP","TOT","PC_CHGPY","Q","1962-Q3",2.525645,"E"
"AUT","QGDP","TOT","PC_CHGPY","Q","1962-Q4",2.385499,"E"
"AUT","QGDP","TOT","PC_CHGPY","Q","1963-Q1",1.279842,"E"
"AUT","QGDP","TOT","PC_CHGPY","Q","1963-Q2",4.255175,"E"
"AUT","QGDP","TOT","PC_CHGPY","Q","1963-Q3",4.511914,"E"
"AUT","QGDP","TOT","PC_CHGPY","Q","1963-Q4",6.545704,"E"
"AUT","QGDP","TOT","PC_CHGPY","Q","1964-Q1",7.223451,"E"
"AUT","QGDP","TOT","PC_CHGPY","Q","1964-Q2",5.694642,"E"
"AUT","QGDP","TOT","PC_CHGPY","Q","1964-Q3",5.499164,"E"
"AUT","QGDP","TOT","PC_CHGPY","Q","1964-Q4",6.342412,"E"
"AUT","QGDP","TOT","PC_CHGPY","Q","1965-Q1",4.196978,"E"
"AUT","QGDP","TOT","PC_CHGPY","Q","1965-Q2",3.252284,"E"
"AUT","QGDP","TOT","PC_CHGPY","Q","1965-Q3",4.399167,"E"
"AUT","QGDP","TOT","PC_CHGPY","Q","1965-Q4",1.958314,"E"
"AUT","QGDP","TOT","PC_CHGPY","Q","1966-Q1",6.314444,"E"
"AUT","QGDP","TOT","PC_CHGPY","Q","1966-Q2",5.625371,"E"
"AUT","QGDP","TOT","PC_CHGPY","Q","1966-Q3",3.81909,"E"
"AUT","QGDP","TOT","PC_CHGPY","Q","1966-Q4",4.274241,"E"
"AUT","QGDP","TOT","PC_CHGPY","Q","1967-Q1",1.930249,"E"
"AUT","QGDP","TOT","PC_CHGPY","Q","1967-Q2",2.930031,"E"
"AUT","QGDP","TOT","PC_CHGPY","Q","1967-Q3",1.969746,"E"
"AUT","QGDP","TOT","PC_CHGPY","Q","1967-Q4",2.697596,"E"
"AUT","QGDP","TOT","PC_CHGPY","Q","1968-Q1",3.091997,"E"
"AUT","QGDP","TOT","PC_CHGPY","Q","1968-Q2",3.425737,"E"
"AUT","QGDP","TOT","PC_CHGPY","Q","1968-Q3",5.997559,"E"
"AUT","QGDP","TOT","PC_CHGPY","Q","1968-Q4",5.252433,"E"
"AUT","QGDP","TOT","PC_CHGPY","Q","1969-Q1",4.950315,"E"
"AUT","QGDP","TOT","PC_CHGPY","Q","1969-Q2",5.686384,"E"
"AUT","QGDP","TOT","PC_CHGPY","Q","1969-Q3",6.303681,"E"
"AUT","QGDP","TOT","PC_CHGPY","Q","1969-Q4",6.432192,"E"
"AUT","QGDP","TOT","PC_CHGPY","Q","1970-Q1",7.395608,"E"
"AUT","QGDP","TOT","PC_CHGPY","Q","1970-Q2",8.132039,"E"
"AUT","QGDP","TOT","PC_CHGPY","Q","1970-Q3",7.635446,"E"
"AUT","QGDP","TOT","PC_CHGPY","Q","1970-Q4",7.874499,"E"
"AUT","QGDP","TOT","PC_CHGPY","Q","1971-Q1",6.057113,"E"
"AUT","QGDP","TOT","PC_CHGPY","Q","1971-Q2",5.606185,"E"
"AUT","QGDP","TOT","PC_CHGPY","Q","1971-Q3",5.2625,"E"
"AUT","QGDP","TOT","PC_CHGPY","Q","1971-Q4",3.592102,"E"
"AUT","QGDP","TOT","PC_CHGPY","Q","1972-Q1",6.783443,"E"
"AUT","QGDP","TOT","PC_CHGPY","Q","1972-Q2",4.491844,"E"
"AUT","QGDP","TOT","PC_CHGPY","Q","1972-Q3",4.233419,"E"
"AUT","QGDP","TOT","PC_CHGPY","Q","1972-Q4",9.334166,"E"
"AUT","QGDP","TOT","PC_CHGPY","Q","1973-Q1",4.384872,"E"
"AUT","QGDP","TOT","PC_CHGPY","Q","1973-Q2",6.56168,"E"
"AUT","QGDP","TOT","PC_CHGPY","Q","1973-Q3",5.557917,"E"
"AUT","QGDP","TOT","PC_CHGPY","Q","1973-Q4",3.137523,"E"
"AUT","QGDP","TOT","PC_CHGPY","Q","1974-Q1",6.729986,"E"
"AUT","QGDP","TOT","PC_CHGPY","Q","1974-Q2",4.148175,"E"
"AUT","QGDP","TOT","PC_CHGPY","Q","1974-Q3",4.218952,"E"
"AUT","QGDP","TOT","PC_CHGPY","Q","1974-Q4",0.811035,"E"
"AUT","QGDP","TOT","PC_CHGPY","Q","1975-Q1",-1.044334,"E"
"AUT","QGDP","TOT","PC_CHGPY","Q","1975-Q2",-1.649343,"E"
"AUT","QGDP","TOT","PC_CHGPY","Q","1975-Q3",-1.165648,"E"
"AUT","QGDP","TOT","PC_CHGPY","Q","1975-Q4",2.436948,"E"
"AUT","QGDP","TOT","PC_CHGPY","Q","1976-Q1",1.922441,"E"
"AUT","QGDP","TOT","PC_CHGPY","Q","1976-Q2",4.884411,"E"
"AUT","QGDP","TOT","PC_CHGPY","Q","1976-Q3",6.271509,"E"
"AUT","QGDP","TOT","PC_CHGPY","Q","1976-Q4",5.21831,"E"
"AUT","QGDP","TOT","PC_CHGPY","Q","1977-Q1",5.799577,"E"
"AUT","QGDP","TOT","PC_CHGPY","Q","1977-Q2",5.363639,"E"
"AUT","QGDP","TOT","PC_CHGPY","Q","1977-Q3",3.323849,"E"
"AUT","QGDP","TOT","PC_CHGPY","Q","1977-Q4",4.285986,"E"
"AUT","QGDP","TOT","PC_CHGPY","Q","1978-Q1",-0.463073,"E"
"AUT","QGDP","TOT","PC_CHGPY","Q","1978-Q2",-0.013272,"E"
"AUT","QGDP","TOT","PC_CHGPY","Q","1978-Q3",0.328067,"E"
"AUT","QGDP","TOT","PC_CHGPY","Q","1978-Q4",-1.28061,"E"
"AUT","QGDP","TOT","PC_CHGPY","Q","1979-Q1",5.628107,"E"
"AUT","QGDP","TOT","PC_CHGPY","Q","1979-Q2",5.010548,"E"
"AUT","QGDP","TOT","PC_CHGPY","Q","1979-Q3",5.24197,"E"
"AUT","QGDP","TOT","PC_CHGPY","Q","1979-Q4",5.935876,"E"
"AUT","QGDP","TOT","PC_CHGPY","Q","1980-Q1",4.645218,"E"
"AUT","QGDP","TOT","PC_CHGPY","Q","1980-Q2",2.229749,"E"
"AUT","QGDP","TOT","PC_CHGPY","Q","1980-Q3",1.866625,"E"
"AUT","QGDP","TOT","PC_CHGPY","Q","1980-Q4",0.586043,"E"
"AUT","QGDP","TOT","PC_CHGPY","Q","1981-Q1",-1.167911,"E"
"AUT","QGDP","TOT","PC_CHGPY","Q","1981-Q2",0.884962,"E"
"AUT","QGDP","TOT","PC_CHGPY","Q","1981-Q3",0.292267,"E"
"AUT","QGDP","TOT","PC_CHGPY","Q","1981-Q4",-0.395863,"E"
"AUT","QGDP","TOT","PC_CHGPY","Q","1982-Q1",2.333177,"E"
"AUT","QGDP","TOT","PC_CHGPY","Q","1982-Q2",1.610947,"E"
"AUT","QGDP","TOT","PC_CHGPY","Q","1982-Q3",1.612749,"E"
"AUT","QGDP","TOT","PC_CHGPY","Q","1982-Q4",2.079607,"E"
"AUT","QGDP","TOT","PC_CHGPY","Q","1983-Q1",1.26471,"E"
"AUT","QGDP","TOT","PC_CHGPY","Q","1983-Q2",2.289663,"E"
"AUT","QGDP","TOT","PC_CHGPY","Q","1983-Q3",3.217143,"E"
"AUT","QGDP","TOT","PC_CHGPY","Q","1983-Q4",4.446017,"E"
"AUT","QGDP","TOT","PC_CHGPY","Q","1984-Q1",1.833783,"E"
"AUT","QGDP","TOT","PC_CHGPY","Q","1984-Q2",-0.191219,"E"
"AUT","QGDP","TOT","PC_CHGPY","Q","1984-Q3",-0.110558,"E"
"AUT","QGDP","TOT","PC_CHGPY","Q","1984-Q4",-0.173153,"E"
"AUT","QGDP","TOT","PC_CHGPY","Q","1985-Q1",1.645621,"E"
"AUT","QGDP","TOT","PC_CHGPY","Q","1985-Q2",2.527669,"E"
"AUT","QGDP","TOT","PC_CHGPY","Q","1985-Q3",3.101202,"E"
"AUT","QGDP","TOT","PC_CHGPY","Q","1985-Q4",1.705435,"E"
"AUT","QGDP","TOT","PC_CHGPY","Q","1986-Q1",2.12456,"E"
"AUT","QGDP","TOT","PC_CHGPY","Q","1986-Q2",3.199522,"E"
"AUT","QGDP","TOT","PC_CHGPY","Q","1986-Q3",1.772823,"E"
"AUT","QGDP","TOT","PC_CHGPY","Q","1986-Q4",2.273968,"E"
"AUT","QGDP","TOT","PC_CHGPY","Q","1987-Q1",0.502854,"E"
"AUT","QGDP","TOT","PC_CHGPY","Q","1987-Q2",1.053911,"E"
"AUT","QGDP","TOT","PC_CHGPY","Q","1987-Q3",2.198413,"E"
"AUT","QGDP","TOT","PC_CHGPY","Q","1987-Q4",2.950219,"E"
"AUT","QGDP","TOT","PC_CHGPY","Q","1988-Q1",2.786002,"E"
"AUT","QGDP","TOT","PC_CHGPY","Q","1988-Q2",2.857013,"E"
"AUT","QGDP","TOT","PC_CHGPY","Q","1988-Q3",3.310558,"E"
"AUT","QGDP","TOT","PC_CHGPY","Q","1988-Q4",3.692927,"E"
"AUT","QGDP","TOT","PC_CHGPY","Q","1989-Q1",5.614201,"E"
"AUT","QGDP","TOT","PC_CHGPY","Q","1989-Q2",4.204238,"E"
"AUT","QGDP","TOT","PC_CHGPY","Q","1989-Q3",3.351256,"E"
"AUT","QGDP","TOT","PC_CHGPY","Q","1989-Q4",3.470861,"E"
"AUT","QGDP","TOT","PC_CHGPY","Q","1990-Q1",3.890823,"E"
"AUT","QGDP","TOT","PC_CHGPY","Q","1990-Q2",4.513795,"E"
"AUT","QGDP","TOT","PC_CHGPY","Q","1990-Q3",4.51096,"E"
"AUT","QGDP","TOT","PC_CHGPY","Q","1990-Q4",3.874772,"E"
"AUT","QGDP","TOT","PC_CHGPY","Q","1991-Q1",3.321035,"E"
"AUT","QGDP","TOT","PC_CHGPY","Q","1991-Q2",3.151374,"E"
"AUT","QGDP","TOT","PC_CHGPY","Q","1991-Q3",3.440628,"E"
"AUT","QGDP","TOT","PC_CHGPY","Q","1991-Q4",3.366739,"E"
"AUT","QGDP","TOT","PC_CHGPY","Q","1992-Q1",3.049532,"E"
"AUT","QGDP","TOT","PC_CHGPY","Q","1992-Q2",2.607367,"E"
"AUT","QGDP","TOT","PC_CHGPY","Q","1992-Q3",1.562126,"E"
"AUT","QGDP","TOT","PC_CHGPY","Q","1992-Q4",0.639191,"E"
"AUT","QGDP","TOT","PC_CHGPY","Q","1993-Q1",0.014421,"E"
"AUT","QGDP","TOT","PC_CHGPY","Q","1993-Q2",0.105377,"E"
"AUT","QGDP","TOT","PC_CHGPY","Q","1993-Q3",1.046061,"E"
"AUT","QGDP","TOT","PC_CHGPY","Q","1993-Q4",2.064826,"E"
"AUT","QGDP","TOT","PC_CHGPY","Q","1994-Q1",2.63878,"E"
"AUT","QGDP","TOT","PC_CHGPY","Q","1994-Q2",2.232272,"E"
"AUT","QGDP","TOT","PC_CHGPY","Q","1994-Q3",2.118103,"E"
"AUT","QGDP","TOT","PC_CHGPY","Q","1994-Q4",2.774575,"E"
"AUT","QGDP","TOT","PC_CHGPY","Q","1995-Q1",3.301824,"E"
"AUT","QGDP","TOT","PC_CHGPY","Q","1995-Q2",3.561503,"E"
"AUT","QGDP","TOT","PC_CHGPY","Q","1995-Q3",2.863686,"E"
"AUT","QGDP","TOT","PC_CHGPY","Q","1995-Q4",1.84337,"E"
"AUT","QGDP","TOT","PC_CHGPY","Q","1996-Q1",1.681124,
"AUT","QGDP","TOT","PC_CHGPY","Q","1996-Q2",2.062685,
"AUT","QGDP","TOT","PC_CHGPY","Q","1996-Q3",2.134984,
"AUT","QGDP","TOT","PC_CHGPY","Q","1996-Q4",2.257933,
"AUT","QGDP","TOT","PC_CHGPY","Q","1997-Q1",1.89338,
"AUT","QGDP","TOT","PC_CHGPY","Q","1997-Q2",1.459137,
"AUT","QGDP","TOT","PC_CHGPY","Q","1997-Q3",2.522501,
"AUT","QGDP","TOT","PC_CHGPY","Q","1997-Q4",3.238162,
"AUT","QGDP","TOT","PC_CHGPY","Q","1998-Q1",3.814002,
"AUT","QGDP","TOT","PC_CHGPY","Q","1998-Q2",4.492446,
"AUT","QGDP","TOT","PC_CHGPY","Q","1998-Q3",3.419879,
"AUT","QGDP","TOT","PC_CHGPY","Q","1998-Q4",2.456966,
"AUT","QGDP","TOT","PC_CHGPY","Q","1999-Q1",2.695303,
"AUT","QGDP","TOT","PC_CHGPY","Q","1999-Q2",2.667281,
"AUT","QGDP","TOT","PC_CHGPY","Q","1999-Q3",3.722528,
"AUT","QGDP","TOT","PC_CHGPY","Q","1999-Q4",4.383719,
"AUT","QGDP","TOT","PC_CHGPY","Q","2000-Q1",4.335124,
"AUT","QGDP","TOT","PC_CHGPY","Q","2000-Q2",4.055205,
"AUT","QGDP","TOT","PC_CHGPY","Q","2000-Q3",3.279475,
"AUT","QGDP","TOT","PC_CHGPY","Q","2000-Q4",3.473582,
"AUT","QGDP","TOT","PC_CHGPY","Q","2001-Q1",2.255074,
"AUT","QGDP","TOT","PC_CHGPY","Q","2001-Q2",1.36345,
"AUT","QGDP","TOT","PC_CHGPY","Q","2001-Q3",0.96636,
"AUT","QGDP","TOT","PC_CHGPY","Q","2001-Q4",0.113037,
"AUT","QGDP","TOT","PC_CHGPY","Q","2002-Q1",1.033153,
"AUT","QGDP","TOT","PC_CHGPY","Q","2002-Q2",1.555764,
"AUT","QGDP","TOT","PC_CHGPY","Q","2002-Q3",1.668811,
"AUT","QGDP","TOT","PC_CHGPY","Q","2002-Q4",1.689538,
"AUT","QGDP","TOT","PC_CHGPY","Q","2003-Q1",1.109333,
"AUT","QGDP","TOT","PC_CHGPY","Q","2003-Q2",0.897037,
"AUT","QGDP","TOT","PC_CHGPY","Q","2003-Q3",1.024754,
"AUT","QGDP","TOT","PC_CHGPY","Q","2003-Q4",1.111185,
"AUT","QGDP","TOT","PC_CHGPY","Q","2004-Q1",2.069003,
"AUT","QGDP","TOT","PC_CHGPY","Q","2004-Q2",2.463608,
"AUT","QGDP","TOT","PC_CHGPY","Q","2004-Q3",2.688365,
"AUT","QGDP","TOT","PC_CHGPY","Q","2004-Q4",2.597165,
"AUT","QGDP","TOT","PC_CHGPY","Q","2005-Q1",1.701696,
"AUT","QGDP","TOT","PC_CHGPY","Q","2005-Q2",2.503531,
"AUT","QGDP","TOT","PC_CHGPY","Q","2005-Q3",2.38409,
"AUT","QGDP","TOT","PC_CHGPY","Q","2005-Q4",3.11712,
"AUT","QGDP","TOT","PC_CHGPY","Q","2006-Q1",3.820718,
"AUT","QGDP","TOT","PC_CHGPY","Q","2006-Q2",3.1821,
"AUT","QGDP","TOT","PC_CHGPY","Q","2006-Q3",3.781253,
"AUT","QGDP","TOT","PC_CHGPY","Q","2006-Q4",4.071444,
"AUT","QGDP","TOT","PC_CHGPY","Q","2007-Q1",3.879448,
"AUT","QGDP","TOT","PC_CHGPY","Q","2007-Q2",4.309488,
"AUT","QGDP","TOT","PC_CHGPY","Q","2007-Q3",3.43852,
"AUT","QGDP","TOT","PC_CHGPY","Q","2007-Q4",2.996936,
"AUT","QGDP","TOT","PC_CHGPY","Q","2008-Q1",3.442132,
"AUT","QGDP","TOT","PC_CHGPY","Q","2008-Q2",1.778126,
"AUT","QGDP","TOT","PC_CHGPY","Q","2008-Q3",0.75357,
"AUT","QGDP","TOT","PC_CHGPY","Q","2008-Q4",-1.707706,
"AUT","QGDP","TOT","PC_CHGPY","Q","2009-Q1",-4.351574,
"AUT","QGDP","TOT","PC_CHGPY","Q","2009-Q2",-4.791357,
"AUT","QGDP","TOT","PC_CHGPY","Q","2009-Q3",-3.647636,
"AUT","QGDP","TOT","PC_CHGPY","Q","2009-Q4",-1.090313,
"AUT","QGDP","TOT","PC_CHGPY","Q","2010-Q1",-0.40821,
"AUT","QGDP","TOT","PC_CHGPY","Q","2010-Q2",2.211836,
"AUT","QGDP","TOT","PC_CHGPY","Q","2010-Q3",2.914113,
"AUT","QGDP","TOT","PC_CHGPY","Q","2010-Q4",2.488469,
"AUT","QGDP","TOT","PC_CHGPY","Q","2011-Q1",4.727023,
"AUT","QGDP","TOT","PC_CHGPY","Q","2011-Q2",3.377714,
"AUT","QGDP","TOT","PC_CHGPY","Q","2011-Q3",2.212977,
"AUT","QGDP","TOT","PC_CHGPY","Q","2011-Q4",1.963651,
"AUT","QGDP","TOT","PC_CHGPY","Q","2012-Q1",1.357989,
"AUT","QGDP","TOT","PC_CHGPY","Q","2012-Q2",0.364531,
"AUT","QGDP","TOT","PC_CHGPY","Q","2012-Q3",0.404444,
"AUT","QGDP","TOT","PC_CHGPY","Q","2012-Q4",0.141476,
"AUT","QGDP","TOT","PC_CHGPY","Q","2013-Q1",-1.015626,
"AUT","QGDP","TOT","PC_CHGPY","Q","2013-Q2",0.04054,
"AUT","QGDP","TOT","PC_CHGPY","Q","2013-Q3",0.363784,
"AUT","QGDP","TOT","PC_CHGPY","Q","2013-Q4",0.60065,
"AUT","QGDP","TOT","PC_CHGPY","Q","2014-Q1",1.158027,
"AUT","QGDP","TOT","PC_CHGPY","Q","2014-Q2",0.757911,
"AUT","QGDP","TOT","PC_CHGPY","Q","2014-Q3",0.537384,
"AUT","QGDP","TOT","PC_CHGPY","Q","2014-Q4",0.636428,
"AUT","QGDP","TOT","PC_CHGPY","Q","2015-Q1",0.470367,
"AUT","QGDP","TOT","PC_CHGPY","Q","2015-Q2",1.135102,
"AUT","QGDP","TOT","PC_CHGPY","Q","2015-Q3",1.470191,
"AUT","QGDP","TOT","PC_CHGPY","Q","2015-Q4",1.322022,
"AUT","QGDP","TOT","PC_CHGPY","Q","2016-Q1",2.271528,
"AUT","QGDP","TOT","PC_CHGPY","Q","2016-Q2",1.75313,
"AUT","QGDP","TOT","PC_CHGPY","Q","2016-Q3",1.721609,
"AUT","QGDP","TOT","PC_CHGPY","Q","2016-Q4",2.56879,
"AUT","QGDP","TOT","PC_CHGPY","Q","2017-Q1",2.245764,
"AUT","QGDP","TOT","PC_CHGPY","Q","2017-Q2",2.700507,
"AUT","QGDP","TOT","PC_CHGPY","Q","2017-Q3",2.988532,
"AUT","QGDP","TOT","PC_CHGPY","Q","2017-Q4",2.777313,
"AUT","QGDP","TOT","PC_CHGPY","Q","2018-Q1",3.165207,
"AUT","QGDP","TOT","PC_CHGPY","Q","2018-Q2",2.95601,
"AUT","QGDP","TOT","PC_CHGPY","Q","2018-Q3",2.537789,
"AUT","QGDP","TOT","PC_CHGPY","Q","2018-Q4",2.053451,
"AUT","QGDP","TOT","PC_CHGPY","Q","2019-Q1",1.405187,
"AUT","QGDP","TOT","PC_CHGPP","Q","1960-Q2",2.339305,"E"
"AUT","QGDP","TOT","PC_CHGPP","Q","1960-Q3",1.25508,"E"
"AUT","QGDP","TOT","PC_CHGPP","Q","1960-Q4",1.386295,"E"
"AUT","QGDP","TOT","PC_CHGPP","Q","1961-Q1",2.805842,"E"
"AUT","QGDP","TOT","PC_CHGPP","Q","1961-Q2",-0.349959,"E"
"AUT","QGDP","TOT","PC_CHGPP","Q","1961-Q3",1.256452,"E"
"AUT","QGDP","TOT","PC_CHGPP","Q","1961-Q4",0.227988,"E"
"AUT","QGDP","TOT","PC_CHGPP","Q","1962-Q1",1.46331,"E"
"AUT","QGDP","TOT","PC_CHGPP","Q","1962-Q2",-0.021812,"E"
"AUT","QGDP","TOT","PC_CHGPP","Q","1962-Q3",0.839158,"E"
"AUT","QGDP","TOT","PC_CHGPP","Q","1962-Q4",0.090983,"E"
"AUT","QGDP","TOT","PC_CHGPP","Q","1963-Q1",0.367611,"E"
"AUT","QGDP","TOT","PC_CHGPP","Q","1963-Q2",2.915281,"E"
"AUT","QGDP","TOT","PC_CHGPP","Q","1963-Q3",1.087485,"E"
"AUT","QGDP","TOT","PC_CHGPP","Q","1963-Q4",2.038743,"E"
"AUT","QGDP","TOT","PC_CHGPP","Q","1964-Q1",1.006058,"E"
"AUT","QGDP","TOT","PC_CHGPP","Q","1964-Q2",1.447899,"E"
"AUT","QGDP","TOT","PC_CHGPP","Q","1964-Q3",0.900528,"E"
"AUT","QGDP","TOT","PC_CHGPP","Q","1964-Q4",2.854332,"E"
"AUT","QGDP","TOT","PC_CHGPP","Q","1965-Q1",-1.031716,"E"
"AUT","QGDP","TOT","PC_CHGPP","Q","1965-Q2",0.528129,"E"
"AUT","QGDP","TOT","PC_CHGPP","Q","1965-Q3",2.021288,"E"
"AUT","QGDP","TOT","PC_CHGPP","Q","1965-Q4",0.449598,"E"
"AUT","QGDP","TOT","PC_CHGPP","Q","1966-Q1",3.196666,"E"
"AUT","QGDP","TOT","PC_CHGPP","Q","1966-Q2",-0.12344,"E"
"AUT","QGDP","TOT","PC_CHGPP","Q","1966-Q3",0.27664,"E"
"AUT","QGDP","TOT","PC_CHGPP","Q","1966-Q4",0.889976,"E"
"AUT","QGDP","TOT","PC_CHGPP","Q","1967-Q1",0.876897,"E"
"AUT","QGDP","TOT","PC_CHGPP","Q","1967-Q2",0.856198,"E"
"AUT","QGDP","TOT","PC_CHGPP","Q","1967-Q3",-0.65889,"E"
"AUT","QGDP","TOT","PC_CHGPP","Q","1967-Q4",1.610119,"E"
"AUT","QGDP","TOT","PC_CHGPP","Q","1968-Q1",1.264305,"E"
"AUT","QGDP","TOT","PC_CHGPP","Q","1968-Q2",1.1827,"E"
"AUT","QGDP","TOT","PC_CHGPP","Q","1968-Q3",1.811363,"E"
"AUT","QGDP","TOT","PC_CHGPP","Q","1968-Q4",0.895835,"E"
"AUT","QGDP","TOT","PC_CHGPP","Q","1969-Q1",0.973635,"E"
"AUT","QGDP","TOT","PC_CHGPP","Q","1969-Q2",1.892345,"E"
"AUT","QGDP","TOT","PC_CHGPP","Q","1969-Q3",2.406026,"E"
"AUT","QGDP","TOT","PC_CHGPP","Q","1969-Q4",1.017809,"E"
"AUT","QGDP","TOT","PC_CHGPP","Q","1970-Q1",1.88764,"E"
"AUT","QGDP","TOT","PC_CHGPP","Q","1970-Q2",2.591039,"E"
"AUT","QGDP","TOT","PC_CHGPP","Q","1970-Q3",1.93573,"E"
"AUT","QGDP","TOT","PC_CHGPP","Q","1970-Q4",1.242164,"E"
"AUT","QGDP","TOT","PC_CHGPP","Q","1971-Q1",0.171116,"E"
"AUT","QGDP","TOT","PC_CHGPP","Q","1971-Q2",2.154849,"E"
"AUT","QGDP","TOT","PC_CHGPP","Q","1971-Q3",1.603989,"E"
"AUT","QGDP","TOT","PC_CHGPP","Q","1971-Q4",-0.364435,"E"
"AUT","QGDP","TOT","PC_CHGPP","Q","1972-Q1",3.257068,"E"
"AUT","QGDP","TOT","PC_CHGPP","Q","1972-Q2",-0.037419,"E"
"AUT","QGDP","TOT","PC_CHGPP","Q","1972-Q3",1.352707,"E"
"AUT","QGDP","TOT","PC_CHGPP","Q","1972-Q4",4.511312,"E"
"AUT","QGDP","TOT","PC_CHGPP","Q","1973-Q1",-1.417131,"E"
"AUT","QGDP","TOT","PC_CHGPP","Q","1973-Q2",2.047168,"E"
"AUT","QGDP","TOT","PC_CHGPP","Q","1973-Q3",0.39801,"E"
"AUT","QGDP","TOT","PC_CHGPP","Q","1973-Q4",2.114917,"E"
"AUT","QGDP","TOT","PC_CHGPP","Q","1974-Q1",2.016685,"E"
"AUT","QGDP","TOT","PC_CHGPP","Q","1974-Q2",-0.421366,"E"
"AUT","QGDP","TOT","PC_CHGPP","Q","1974-Q3",0.466238,"E"
"AUT","QGDP","TOT","PC_CHGPP","Q","1974-Q4",-1.224199,"E"
"AUT","QGDP","TOT","PC_CHGPP","Q","1975-Q1",0.139126,"E"
"AUT","QGDP","TOT","PC_CHGPP","Q","1975-Q2",-1.030184,"E"
"AUT","QGDP","TOT","PC_CHGPP","Q","1975-Q3",0.960339,"E"
"AUT","QGDP","TOT","PC_CHGPP","Q","1975-Q4",2.376262,"E"
"AUT","QGDP","TOT","PC_CHGPP","Q","1976-Q1",-0.363839,"E"
"AUT","QGDP","TOT","PC_CHGPP","Q","1976-Q2",1.84598,"E"
"AUT","QGDP","TOT","PC_CHGPP","Q","1976-Q3",2.29554,"E"
"AUT","QGDP","TOT","PC_CHGPP","Q","1976-Q4",1.361667,"E"
"AUT","QGDP","TOT","PC_CHGPP","Q","1977-Q1",0.18659,"E"
"AUT","QGDP","TOT","PC_CHGPP","Q","1977-Q2",1.426333,"E"
"AUT","QGDP","TOT","PC_CHGPP","Q","1977-Q3",0.315147,"E"
"AUT","QGDP","TOT","PC_CHGPP","Q","1977-Q4",2.305532,"E"
"AUT","QGDP","TOT","PC_CHGPP","Q","1978-Q1",-4.375787,"E"
"AUT","QGDP","TOT","PC_CHGPP","Q","1978-Q2",1.884673,"E"
"AUT","QGDP","TOT","PC_CHGPP","Q","1978-Q3",0.657607,"E"
"AUT","QGDP","TOT","PC_CHGPP","Q","1978-Q4",0.665147,"E"
"AUT","QGDP","TOT","PC_CHGPP","Q","1979-Q1",2.316319,"E"
"AUT","QGDP","TOT","PC_CHGPP","Q","1979-Q2",1.289,"E"
"AUT","QGDP","TOT","PC_CHGPP","Q","1979-Q3",0.879436,"E"
"AUT","QGDP","TOT","PC_CHGPP","Q","1979-Q4",1.328876,"E"
"AUT","QGDP","TOT","PC_CHGPP","Q","1980-Q1",1.06976,"E"
"AUT","QGDP","TOT","PC_CHGPP","Q","1980-Q2",-1.049,"E"
"AUT","QGDP","TOT","PC_CHGPP","Q","1980-Q3",0.521108,"E"
"AUT","QGDP","TOT","PC_CHGPP","Q","1980-Q4",0.055055,"E"
"AUT","QGDP","TOT","PC_CHGPP","Q","1981-Q1",-0.692629,"E"
"AUT","QGDP","TOT","PC_CHGPP","Q","1981-Q2",1.006344,"E"
"AUT","QGDP","TOT","PC_CHGPP","Q","1981-Q3",-0.069449,"E"
"AUT","QGDP","TOT","PC_CHGPP","Q","1981-Q4",-0.631448,"E"
"AUT","QGDP","TOT","PC_CHGPP","Q","1982-Q1",2.028279,"E"
"AUT","QGDP","TOT","PC_CHGPP","Q","1982-Q2",0.293478,"E"
"AUT","QGDP","TOT","PC_CHGPP","Q","1982-Q3",-0.067677,"E"
"AUT","QGDP","TOT","PC_CHGPP","Q","1982-Q4",-0.174901,"E"
"AUT","QGDP","TOT","PC_CHGPP","Q","1983-Q1",1.213791,"E"
"AUT","QGDP","TOT","PC_CHGPP","Q","1983-Q2",1.308602,"E"
"AUT","QGDP","TOT","PC_CHGPP","Q","1983-Q3",0.838428,"E"
"AUT","QGDP","TOT","PC_CHGPP","Q","1983-Q4",1.013589,"E"
"AUT","QGDP","TOT","PC_CHGPP","Q","1984-Q1",-1.317604,"E"
"AUT","QGDP","TOT","PC_CHGPP","Q","1984-Q2",-0.705958,"E"
"AUT","QGDP","TOT","PC_CHGPP","Q","1984-Q3",0.919922,"E"
"AUT","QGDP","TOT","PC_CHGPP","Q","1984-Q4",0.950289,"E"
"AUT","QGDP","TOT","PC_CHGPP","Q","1985-Q1",0.48032,"E"
"AUT","QGDP","TOT","PC_CHGPP","Q","1985-Q2",0.155684,"E"
"AUT","QGDP","TOT","PC_CHGPP","Q","1985-Q3",1.484461,"E"
"AUT","QGDP","TOT","PC_CHGPP","Q","1985-Q4",-0.416359,"E"
"AUT","QGDP","TOT","PC_CHGPP","Q","1986-Q1",0.894396,"E"
"AUT","QGDP","TOT","PC_CHGPP","Q","1986-Q2",1.209922,"E"
"AUT","QGDP","TOT","PC_CHGPP","Q","1986-Q3",0.081472,"E"
"AUT","QGDP","TOT","PC_CHGPP","Q","1986-Q4",0.074006,"E"
"AUT","QGDP","TOT","PC_CHGPP","Q","1987-Q1",-0.852827,"E"
"AUT","QGDP","TOT","PC_CHGPP","Q","1987-Q2",1.764855,"E"
"AUT","QGDP","TOT","PC_CHGPP","Q","1987-Q3",1.21496,"E"
"AUT","QGDP","TOT","PC_CHGPP","Q","1987-Q4",0.810185,"E"
"AUT","QGDP","TOT","PC_CHGPP","Q","1988-Q1",-1.010978,"E"
"AUT","QGDP","TOT","PC_CHGPP","Q","1988-Q2",1.835161,"E"
"AUT","QGDP","TOT","PC_CHGPP","Q","1988-Q3",1.661264,"E"
"AUT","QGDP","TOT","PC_CHGPP","Q","1988-Q4",1.1833,"E"
"AUT","QGDP","TOT","PC_CHGPP","Q","1989-Q1",0.82314,"E"
"AUT","QGDP","TOT","PC_CHGPP","Q","1989-Q2",0.475649,"E"
"AUT","QGDP","TOT","PC_CHGPP","Q","1989-Q3",0.829098,"E"
"AUT","QGDP","TOT","PC_CHGPP","Q","1989-Q4",1.300396,"E"
"AUT","QGDP","TOT","PC_CHGPP","Q","1990-Q1",1.232355,"E"
"AUT","QGDP","TOT","PC_CHGPP","Q","1990-Q2",1.078143,"E"
"AUT","QGDP","TOT","PC_CHGPP","Q","1990-Q3",0.826363,"E"
"AUT","QGDP","TOT","PC_CHGPP","Q","1990-Q4",0.683751,"E"
"AUT","QGDP","TOT","PC_CHGPP","Q","1991-Q1",0.692705,"E"
"AUT","QGDP","TOT","PC_CHGPP","Q","1991-Q2",0.912164,"E"
"AUT","QGDP","TOT","PC_CHGPP","Q","1991-Q3",1.109097,"E"
"AUT","QGDP","TOT","PC_CHGPP","Q","1991-Q4",0.611831,"E"
"AUT","QGDP","TOT","PC_CHGPP","Q","1992-Q1",0.383704,"E"
"AUT","QGDP","TOT","PC_CHGPP","Q","1992-Q2",0.47917,"E"
"AUT","QGDP","TOT","PC_CHGPP","Q","1992-Q3",0.079119,"E"
"AUT","QGDP","TOT","PC_CHGPP","Q","1992-Q4",-0.302467,"E"
"AUT","QGDP","TOT","PC_CHGPP","Q","1993-Q1",-0.239481,"E"
"AUT","QGDP","TOT","PC_CHGPP","Q","1993-Q2",0.570549,"E"
"AUT","QGDP","TOT","PC_CHGPP","Q","1993-Q3",1.019557,"E"
"AUT","QGDP","TOT","PC_CHGPP","Q","1993-Q4",0.702701,"E"
"AUT","QGDP","TOT","PC_CHGPP","Q","1994-Q1",0.321516,"E"
"AUT","QGDP","TOT","PC_CHGPP","Q","1994-Q2",0.172232,"E"
"AUT","QGDP","TOT","PC_CHGPP","Q","1994-Q3",0.906741,"E"
"AUT","QGDP","TOT","PC_CHGPP","Q","1994-Q4",1.350074,"E"
"AUT","QGDP","TOT","PC_CHGPP","Q","1995-Q1",0.83618,"E"
"AUT","QGDP","TOT","PC_CHGPP","Q","1995-Q2",0.424044,"E"
"AUT","QGDP","TOT","PC_CHGPP","Q","1995-Q3",0.226813,"E"
"AUT","QGDP","TOT","PC_CHGPP","Q","1995-Q4",0.344772,"E"
"AUT","QGDP","TOT","PC_CHGPP","Q","1996-Q1",0.675539,
"AUT","QGDP","TOT","PC_CHGPP","Q","1996-Q2",0.800888,
"AUT","QGDP","TOT","PC_CHGPP","Q","1996-Q3",0.297811,
"AUT","QGDP","TOT","PC_CHGPP","Q","1996-Q4",0.465566,
"AUT","QGDP","TOT","PC_CHGPP","Q","1997-Q1",0.316628,
"AUT","QGDP","TOT","PC_CHGPP","Q","1997-Q2",0.371301,
"AUT","QGDP","TOT","PC_CHGPP","Q","1997-Q3",1.349003,
"AUT","QGDP","TOT","PC_CHGPP","Q","1997-Q4",1.166868,
"AUT","QGDP","TOT","PC_CHGPP","Q","1998-Q1",0.876172,
"AUT","QGDP","TOT","PC_CHGPP","Q","1998-Q2",1.027247,
"AUT","QGDP","TOT","PC_CHGPP","Q","1998-Q3",0.308702,
"AUT","QGDP","TOT","PC_CHGPP","Q","1998-Q4",0.224932,
"AUT","QGDP","TOT","PC_CHGPP","Q","1999-Q1",1.110832,
"AUT","QGDP","TOT","PC_CHGPP","Q","1999-Q2",0.999679,
"AUT","QGDP","TOT","PC_CHGPP","Q","1999-Q3",1.339707,
"AUT","QGDP","TOT","PC_CHGPP","Q","1999-Q4",0.863827,
"AUT","QGDP","TOT","PC_CHGPP","Q","2000-Q1",1.063761,
"AUT","QGDP","TOT","PC_CHGPP","Q","2000-Q2",0.728709,
"AUT","QGDP","TOT","PC_CHGPP","Q","2000-Q3",0.584221,
"AUT","QGDP","TOT","PC_CHGPP","Q","2000-Q4",1.053394,
"AUT","QGDP","TOT","PC_CHGPP","Q","2001-Q1",-0.12637,
"AUT","QGDP","TOT","PC_CHGPP","Q","2001-Q2",-0.149605,
"AUT","QGDP","TOT","PC_CHGPP","Q","2001-Q3",0.190183,
"AUT","QGDP","TOT","PC_CHGPP","Q","2001-Q4",0.199336,
"AUT","QGDP","TOT","PC_CHGPP","Q","2002-Q1",0.791546,
"AUT","QGDP","TOT","PC_CHGPP","Q","2002-Q2",0.366888,
"AUT","QGDP","TOT","PC_CHGPP","Q","2002-Q3",0.30171,
"AUT","QGDP","TOT","PC_CHGPP","Q","2002-Q4",0.219763,
"AUT","QGDP","TOT","PC_CHGPP","Q","2003-Q1",0.216464,
"AUT","QGDP","TOT","PC_CHGPP","Q","2003-Q2",0.156151,
"AUT","QGDP","TOT","PC_CHGPP","Q","2003-Q3",0.428673,
"AUT","QGDP","TOT","PC_CHGPP","Q","2003-Q4",0.305505,
"AUT","QGDP","TOT","PC_CHGPP","Q","2004-Q1",1.165807,
"AUT","QGDP","TOT","PC_CHGPP","Q","2004-Q2",0.543362,
"AUT","QGDP","TOT","PC_CHGPP","Q","2004-Q3",0.648966,
"AUT","QGDP","TOT","PC_CHGPP","Q","2004-Q4",0.216421,
"AUT","QGDP","TOT","PC_CHGPP","Q","2005-Q1",0.282831,
"AUT","QGDP","TOT","PC_CHGPP","Q","2005-Q2",1.336064,
"AUT","QGDP","TOT","PC_CHGPP","Q","2005-Q3",0.531686,
"AUT","QGDP","TOT","PC_CHGPP","Q","2005-Q4",0.933932,
"AUT","QGDP","TOT","PC_CHGPP","Q","2006-Q1",0.96709,
"AUT","QGDP","TOT","PC_CHGPP","Q","2006-Q2",0.712729,
"AUT","QGDP","TOT","PC_CHGPP","Q","2006-Q3",1.115449,
"AUT","QGDP","TOT","PC_CHGPP","Q","2006-Q4",1.216162,
"AUT","QGDP","TOT","PC_CHGPP","Q","2007-Q1",0.78082,
"AUT","QGDP","TOT","PC_CHGPP","Q","2007-Q2",1.12966,
"AUT","QGDP","TOT","PC_CHGPP","Q","2007-Q3",0.271151,
"AUT","QGDP","TOT","PC_CHGPP","Q","2007-Q4",0.784064,
"AUT","QGDP","TOT","PC_CHGPP","Q","2008-Q1",1.216438,
"AUT","QGDP","TOT","PC_CHGPP","Q","2008-Q2",-0.497147,
"AUT","QGDP","TOT","PC_CHGPP","Q","2008-Q3",-0.738234,
"AUT","QGDP","TOT","PC_CHGPP","Q","2008-Q4",-1.677957,
"AUT","QGDP","TOT","PC_CHGPP","Q","2009-Q1",-1.506083,
"AUT","QGDP","TOT","PC_CHGPP","Q","2009-Q2",-0.954653,
"AUT","QGDP","TOT","PC_CHGPP","Q","2009-Q3",0.454177,
"AUT","QGDP","TOT","PC_CHGPP","Q","2009-Q4",0.931643,
"AUT","QGDP","TOT","PC_CHGPP","Q","2010-Q1",-0.826848,
"AUT","QGDP","TOT","PC_CHGPP","Q","2010-Q2",1.651017,
"AUT","QGDP","TOT","PC_CHGPP","Q","2010-Q3",1.144378,
"AUT","QGDP","TOT","PC_CHGPP","Q","2010-Q4",0.514199,
"AUT","QGDP","TOT","PC_CHGPP","Q","2011-Q1",1.339293,
"AUT","QGDP","TOT","PC_CHGPP","Q","2011-Q2",0.341339,
"AUT","QGDP","TOT","PC_CHGPP","Q","2011-Q3",0.004803,
"AUT","QGDP","TOT","PC_CHGPP","Q","2011-Q4",0.269017,
"AUT","QGDP","TOT","PC_CHGPP","Q","2012-Q1",0.737339,
"AUT","QGDP","TOT","PC_CHGPP","Q","2012-Q2",-0.642154,
"AUT","QGDP","TOT","PC_CHGPP","Q","2012-Q3",0.044573,
"AUT","QGDP","TOT","PC_CHGPP","Q","2012-Q4",0.006404,
"AUT","QGDP","TOT","PC_CHGPP","Q","2013-Q1",-0.426649,
"AUT","QGDP","TOT","PC_CHGPP","Q","2013-Q2",0.417998,
"AUT","QGDP","TOT","PC_CHGPP","Q","2013-Q3",0.36783,
"AUT","QGDP","TOT","PC_CHGPP","Q","2013-Q4",0.242426,
"AUT","QGDP","TOT","PC_CHGPP","Q","2014-Q1",0.125037,
"AUT","QGDP","TOT","PC_CHGPP","Q","2014-Q2",0.020809,
"AUT","QGDP","TOT","PC_CHGPP","Q","2014-Q3",0.148156,
"AUT","QGDP","TOT","PC_CHGPP","Q","2014-Q4",0.34118,
"AUT","QGDP","TOT","PC_CHGPP","Q","2015-Q1",-0.04018,
"AUT","QGDP","TOT","PC_CHGPP","Q","2015-Q2",0.682571,
"AUT","QGDP","TOT","PC_CHGPP","Q","2015-Q3",0.479975,
"AUT","QGDP","TOT","PC_CHGPP","Q","2015-Q4",0.194659,
"AUT","QGDP","TOT","PC_CHGPP","Q","2016-Q1",0.896561,
"AUT","QGDP","TOT","PC_CHGPP","Q","2016-Q2",0.172226,
"AUT","QGDP","TOT","PC_CHGPP","Q","2016-Q3",0.448848,
"AUT","QGDP","TOT","PC_CHGPP","Q","2016-Q4",1.029123,
"AUT","QGDP","TOT","PC_CHGPP","Q","2017-Q1",0.578801,
"AUT","QGDP","TOT","PC_CHGPP","Q","2017-Q2",0.617748,
"AUT","QGDP","TOT","PC_CHGPP","Q","2017-Q3",0.730558,
"AUT","QGDP","TOT","PC_CHGPP","Q","2017-Q4",0.821923,
"AUT","QGDP","TOT","PC_CHGPP","Q","2018-Q1",0.958397,
"AUT","QGDP","TOT","PC_CHGPP","Q","2018-Q2",0.413716,
"AUT","QGDP","TOT","PC_CHGPP","Q","2018-Q3",0.321377,
"AUT","QGDP","TOT","PC_CHGPP","Q","2018-Q4",0.34569,
"AUT","QGDP","TOT","PC_CHGPP","Q","2019-Q1",0.317089,
